Workbook

Sheet 실사 진행현황
A1: 공항버스 B800단말기 실사 진행현황 | I1: 기 준 일 | K1: ='설치 진행현황'!$K$1
A2: 대상 382대 · 운수사 4곳 전량 · 실사기간 2026-08-06 ~ 08-14 (영업일 7일 · 월~금)
A4: 진행 실적
A5: 비 고 | D5: 금 일 | G5: 누 적 (계획 대비) | J5: 전 체
D6: 계획 | E6: 실사 | F6: 달성률 | G6: 계획 | H6: 실사 | I6: 달성률 | J6: 대상 | K6: 실사 | L6: 진행률
D7: =SUMPRODUCT((차량리스트!$G$2:$G$2=$K$1)*1) | E7: =SUMPRODUCT((차량리스트!$I$2:$I$2=$K$1)*1) | F7: =IFERROR(E7/D7,0) | G7: =SUMPRODUCT((차량리스트!$G$2:$G$2<>"")*(차량리스트!$G$2:$G$2<=$K$1)) | H7: =SUMPRODUCT((차량리스트!$I$2:$I$2<>"")*(차량리스트!$I$2:$I$2<=$K$1)) | I7: =IFERROR(H7/G7,0) | J7: =COUNTA(차량리스트!$F$2:$F$2) | K7: =SUMPRODUCT((차량리스트!$H$2:$H$2="완료")*1) | L7: =IFERROR(K7/J7,0)
A10: 운수사별 현황
A11: NO | B11: 운수사 | C11: 차고지 | D11: 대상 대수 | E11: 설치 대상 | F11: 실사 착수예정 | G11: 실사 종료예정 | H11: 금일 실사 | I11: 누적 실사 | J11: 미실사 | K11: 진행률 | L11: 상태 | M11: 비고
A12: 1 | D12: =SUMPRODUCT(((차량리스트!$B$2:$B$2=$B12)*(차량리스트!$G$2:$G$2<>""))) | E12: =SUMPRODUCT(((차량리스트!$B$2:$B$2=$B12)*(차량리스트!$G$2:$G$2<>""))*(차량리스트!$J$2:$J$2="대상")) | F12: =IF(SUMPRODUCT(MIN(((차량리스트!$B$2:$B$2=$B12)*(차량리스트!$G$2:$G$2<>""))*차량리스트!$G$2:$G$2+(1-((차량리스트!$B$2:$B$2=$B12)*(차량리스트!$G$2:$G$2<>"")))*99999))=99999,"",SUMPRODUCT(MIN(((차량리스트!$B$2:$B$2=$B12)*(차량리스트!$G$2:$G$2<>""))*차량리스트!$G$2:$G$2+(1-((차량리스트!$B$2:$B$2=$B12)*(차량리스트!$G$2:$G$2<>"")))*99999))) | G12: =IF(SUMPRODUCT(MAX(((차량리스트!$B$2:$B$2=$B12)*(차량리스트!$G$2:$G$2<>""))*차량리스트!$G$2:$G$2))=0,"",SUMPRODUCT(MAX(((차량리스트!$B$2:$B$2=$B12)*(차량리스트!$G$2:$G$2<>""))*차량리스트!$G$2:$G$2))) | H12: =SUMPRODUCT(((차량리스트!$B$2:$B$2=$B12)*(차량리스트!$G$2:$G$2<>""))*(차량리스트!$I$2:$I$2=$K$1)) | I12: =SUMPRODUCT(((차량리스트!$B$2:$B$2=$B12)*(차량리스트!$G$2:$G$2<>""))*(차량리스트!$I$2:$I$2<>"")*(차량리스트!$I$2:$I$2<=$K$1)) | J12: =D12-I12 | K12: =IFERROR(I12/D12,0) | L12: =IF(I12>=D12,"완료",IF($K$1<F12,"대기",IF($K$1>G12,"지연","진행중")))
A13: 2 | D13: =SUMPRODUCT(((차량리스트!$B$2:$B$2=$B13)*(차량리스트!$G$2:$G$2<>""))) | E13: =SUMPRODUCT(((차량리스트!$B$2:$B$2=$B13)*(차량리스트!$G$2:$G$2<>""))*(차량리스트!$J$2:$J$2="대상")) | F13: =IF(SUMPRODUCT(MIN(((차량리스트!$B$2:$B$2=$B13)*(차량리스트!$G$2:$G$2<>""))*차량리스트!$G$2:$G$2+(1-((차량리스트!$B$2:$B$2=$B13)*(차량리스트!$G$2:$G$2<>"")))*99999))=99999,"",SUMPRODUCT(MIN(((차량리스트!$B$2:$B$2=$B13)*(차량리스트!$G$2:$G$2<>""))*차량리스트!$G$2:$G$2+(1-((차량리스트!$B$2:$B$2=$B13)*(차량리스트!$G$2:$G$2<>"")))*99999))) | G13: =IF(SUMPRODUCT(MAX(((차량리스트!$B$2:$B$2=$B13)*(차량리스트!$G$2:$G$2<>""))*차량리스트!$G$2:$G$2))=0,"",SUMPRODUCT(MAX(((차량리스트!$B$2:$B$2=$B13)*(차량리스트!$G$2:$G$2<>""))*차량리스트!$G$2:$G$2))) | H13: =SUMPRODUCT(((차량리스트!$B$2:$B$2=$B13)*(차량리스트!$G$2:$G$2<>""))*(차량리스트!$I$2:$I$2=$K$1)) | I13: =SUMPRODUCT(((차량리스트!$B$2:$B$2=$B13)*(차량리스트!$G$2:$G$2<>""))*(차량리스트!$I$2:$I$2<>"")*(차량리스트!$I$2:$I$2<=$K$1)) | J13: =D13-I13 | K13: =IFERROR(I13/D13,0) | L13: =IF(I13>=D13,"완료",IF($K$1<F13,"대기",IF($K$1>G13,"지연","진행중")))
A14: 합 계 | D14: =SUM(D12:D13) | E14: =SUM(E12:E13) | F14: =MIN(F12:F13) | G14: =MAX(G12:G13) | H14: =SUM(H12:H13) | I14: =SUM(I12:I13) | J14: =SUM(J12:J13) | K14: =IFERROR(I14/D14,0)

Sheet 실사 전개일정
A1: 공항버스 B800단말기 실사 전개일정
A2: 대상 382대 · 운수사 4곳 전량 · 실사기간 2026-08-06 ~ 08-14 (영업일 7일 · 월~금)
A4: 누적 계획 | G4: =G5 | I4: =G4+I5
A5: 일 계획 | G5: =SUM(G9:G10) | I5: =SUM(I9:I10)
A6: 일 자
A7: 요 일 | G7: =CHOOSE(WEEKDAY(G6),"일","월","화","수","목","금","토") | I7: =CHOOSE(WEEKDAY(I6),"일","월","화","수","목","금","토")
A8: NO | B8: 운수사 | C8: 차고지 | D8: 대상 수량 | E8: 실사 수량 | F8: 미실사 수량 | G8: 계획 | H8: 실사 | I8: 계획 | J8: 실사
A9: 1 | D9: =SUMPRODUCT(((차량리스트!$B$2:$B$2=$B9)*(차량리스트!$G$2:$G$2<>""))) | E9: =SUMPRODUCT(((차량리스트!$B$2:$B$2=$B9)*(차량리스트!$G$2:$G$2<>""))*(차량리스트!$H$2:$H$2="완료")) | F9: =D9-E9 | G9: =SUMPRODUCT(((차량리스트!$B$2:$B$2=$B9)*(차량리스트!$G$2:$G$2<>""))*(차량리스트!$G$2:$G$2=G$6)) | H9: =SUMPRODUCT(((차량리스트!$B$2:$B$2=$B9)*(차량리스트!$G$2:$G$2<>""))*(차량리스트!$I$2:$I$2=G$6)) | I9: =SUMPRODUCT(((차량리스트!$B$2:$B$2=$B9)*(차량리스트!$G$2:$G$2<>""))*(차량리스트!$G$2:$G$2=I$6)) | J9: =SUMPRODUCT(((차량리스트!$B$2:$B$2=$B9)*(차량리스트!$G$2:$G$2<>""))*(차량리스트!$I$2:$I$2=I$6))
A10: 2 | D10: =SUMPRODUCT(((차량리스트!$B$2:$B$2=$B10)*(차량리스트!$G$2:$G$2<>""))) | E10: =SUMPRODUCT(((차량리스트!$B$2:$B$2=$B10)*(차량리스트!$G$2:$G$2<>""))*(차량리스트!$H$2:$H$2="완료")) | F10: =D10-E10 | G10: =SUMPRODUCT(((차량리스트!$B$2:$B$2=$B10)*(차량리스트!$G$2:$G$2<>""))*(차량리스트!$G$2:$G$2=G$6)) | H10: =SUMPRODUCT(((차량리스트!$B$2:$B$2=$B10)*(차량리스트!$G$2:$G$2<>""))*(차량리스트!$I$2:$I$2=G$6)) | I10: =SUMPRODUCT(((차량리스트!$B$2:$B$2=$B10)*(차량리스트!$G$2:$G$2<>""))*(차량리스트!$G$2:$G$2=I$6)) | J10: =SUMPRODUCT(((차량리스트!$B$2:$B$2=$B10)*(차량리스트!$G$2:$G$2<>""))*(차량리스트!$I$2:$I$2=I$6))
A11: 합 계 | D11: =SUM(D9:D10) | E11: =SUM(E9:E10) | F11: =SUM(F9:F10) | G11: =SUM(G9:G10) | H11: =SUM(H9:H10) | I11: =SUM(I9:I10) | J11: =SUM(J9:J10)
A12: 누적 실사 | G12: =H11 | I12: =G12+J11

Sheet 실사 일자별 현황
A1: 공항버스 B800단말기 실사 일자별 계획 · 실적
A2: 대상 382대 · 운수사 4곳 전량 · 실사기간 2026-08-06 ~ 08-14 (영업일 7일 · 월~금)
A4: 일자별 전개 실적
A5: NO | B5: 일자 | C5: 요일 | D5: 차고지 | E5: 운수사 | F5: 계획 | G5: 실사 | H5: 미실사 | I5: 일 달성률 | J5: 누적 계획 | K5: 누적 실사 | L5: 누적 달성률 | M5: 전체 진행률
A6: 1 | B6: ='실사 전개일정'!G$6 | C6: =CHOOSE(WEEKDAY($B6),"일","월","화","수","목","금","토") | D6: =IFERROR(INDEX(차량리스트!$D$2:$D$2,MATCH($B6,차량리스트!$G$2:$G$2,0))&IF(SUMPRODUCT((차량리스트!$G$2:$G$2=$B6)*(차량리스트!$D$2:$D$2<>INDEX(차량리스트!$D$2:$D$2,MATCH($B6,차량리스트!$G$2:$G$2,0))))>0," 외",""),"–") | E6: =IFERROR(INDEX(차량리스트!$B$2:$B$2,MATCH($B6,차량리스트!$G$2:$G$2,0))&IF(SUMPRODUCT((차량리스트!$G$2:$G$2=$B6)*(차량리스트!$B$2:$B$2<>INDEX(차량리스트!$B$2:$B$2,MATCH($B6,차량리스트!$G$2:$G$2,0))))>0," 외",""),"–") | F6: =SUMPRODUCT((차량리스트!$G$2:$G$2=$B6)*1) | G6: =SUMPRODUCT((차량리스트!$I$2:$I$2=$B6)*1) | H6: =F6-G6 | I6: =IFERROR(G6/F6,0) | J6: =SUMPRODUCT((차량리스트!$G$2:$G$2<>"")*(차량리스트!$G$2:$G$2<=$B6)) | K6: =SUMPRODUCT((차량리스트!$I$2:$I$2<>"")*(차량리스트!$I$2:$I$2<=$B6)) | L6: =IFERROR(K6/J6,0) | M6: =IFERROR(K6/COUNTA(차량리스트!$F$2:$F$2),0)
A7: 2 | B7: ='실사 전개일정'!I$6 | C7: =CHOOSE(WEEKDAY($B7),"일","월","화","수","목","금","토") | D7: =IFERROR(INDEX(차량리스트!$D$2:$D$2,MATCH($B7,차량리스트!$G$2:$G$2,0))&IF(SUMPRODUCT((차량리스트!$G$2:$G$2=$B7)*(차량리스트!$D$2:$D$2<>INDEX(차량리스트!$D$2:$D$2,MATCH($B7,차량리스트!$G$2:$G$2,0))))>0," 외",""),"–") | E7: =IFERROR(INDEX(차량리스트!$B$2:$B$2,MATCH($B7,차량리스트!$G$2:$G$2,0))&IF(SUMPRODUCT((차량리스트!$G$2:$G$2=$B7)*(차량리스트!$B$2:$B$2<>INDEX(차량리스트!$B$2:$B$2,MATCH($B7,차량리스트!$G$2:$G$2,0))))>0," 외",""),"–") | F7: =SUMPRODUCT((차량리스트!$G$2:$G$2=$B7)*1) | G7: =SUMPRODUCT((차량리스트!$I$2:$I$2=$B7)*1) | H7: =F7-G7 | I7: =IFERROR(G7/F7,0) | J7: =SUMPRODUCT((차량리스트!$G$2:$G$2<>"")*(차량리스트!$G$2:$G$2<=$B7)) | K7: =SUMPRODUCT((차량리스트!$I$2:$I$2<>"")*(차량리스트!$I$2:$I$2<=$B7)) | L7: =IFERROR(K7/J7,0) | M7: =IFERROR(K7/COUNTA(차량리스트!$F$2:$F$2),0)
A8: 합 계 | F8: =SUM(F6:F7) | G8: =SUM(G6:G7) | H8: =SUM(H6:H7) | I8: =IFERROR(G8/F8,0)

Sheet 설치 진행현황
A1: 공항버스 B800단말기 설치 진행현황 | I1: 기 준 일 | K1: =TODAY()
A2: 설치 대상 382대 · 4개 운수사 전량 · 시범설치 11-05 공항리무진 10대 · 본설치 11-13 ~ 12-10 (평일 월~금 · 서울버스 11-26, 한국공항리무진 12-07 착수)
A4: 진행 실적
A5: 비 고 | D5: 금 일 | G5: 누 적 (계획 대비) | J5: 전 체
D6: 계획 | E6: 설치 | F6: 달성률 | G6: 계획 | H6: 설치 | I6: 달성률 | J6: 대상 | K6: 설치 | L6: 진행률
D7: =SUMPRODUCT((차량리스트!$J$2:$J$2="대상")*(차량리스트!$K$2:$K$2=$K$1)) | E7: =SUMPRODUCT((차량리스트!$M$2:$M$2=$K$1)*1) | F7: =IFERROR(E7/D7,0) | G7: =SUMPRODUCT((차량리스트!$J$2:$J$2="대상")*(차량리스트!$K$2:$K$2<>"")*(차량리스트!$K$2:$K$2<=$K$1)) | H7: =SUMPRODUCT((차량리스트!$M$2:$M$2<>"")*(차량리스트!$M$2:$M$2<=$K$1)) | I7: =IFERROR(H7/G7,0) | J7: =SUMPRODUCT((차량리스트!$J$2:$J$2="대상")*1) | K7: =SUMPRODUCT((차량리스트!$L$2:$L$2="완료")*1) | L7: =IFERROR(K7/J7,0)
A10: 운수사별 현황
A11: NO | B11: 운수사 | C11: 차고지 | D11: 대상 대수 | E11: 실사 완료 | F11: 설치 착수예정 | G11: 설치 종료예정 | H11: 금일 설치 | I11: 누적 설치 | J11: 미설치 | K11: 진행률 | L11: 상태 | M11: 비고
A12: 1 | D12: =SUMPRODUCT(((차량리스트!$B$2:$B$2=$B12)*(차량리스트!$J$2:$J$2="대상"))) | E12: =SUMPRODUCT(((차량리스트!$B$2:$B$2=$B12)*(차량리스트!$J$2:$J$2="대상"))*(차량리스트!$H$2:$H$2="완료")) | F12: =IF(SUMPRODUCT(MIN(((차량리스트!$B$2:$B$2=$B12)*(차량리스트!$J$2:$J$2="대상")*(차량리스트!$K$2:$K$2<>""))*차량리스트!$K$2:$K$2+(1-((차량리스트!$B$2:$B$2=$B12)*(차량리스트!$J$2:$J$2="대상")*(차량리스트!$K$2:$K$2<>"")))*99999))=99999,"",SUMPRODUCT(MIN(((차량리스트!$B$2:$B$2=$B12)*(차량리스트!$J$2:$J$2="대상")*(차량리스트!$K$2:$K$2<>""))*차량리스트!$K$2:$K$2+(1-((차량리스트!$B$2:$B$2=$B12)*(차량리스트!$J$2:$J$2="대상")*(차량리스트!$K$2:$K$2<>"")))*99999))) | G12: =IF(SUMPRODUCT(MAX(((차량리스트!$B$2:$B$2=$B12)*(차량리스트!$J$2:$J$2="대상")*(차량리스트!$K$2:$K$2<>""))*차량리스트!$K$2:$K$2))=0,"",SUMPRODUCT(MAX(((차량리스트!$B$2:$B$2=$B12)*(차량리스트!$J$2:$J$2="대상")*(차량리스트!$K$2:$K$2<>""))*차량리스트!$K$2:$K$2))) | H12: =SUMPRODUCT(((차량리스트!$B$2:$B$2=$B12)*(차량리스트!$J$2:$J$2="대상"))*(차량리스트!$M$2:$M$2=$K$1)) | I12: =SUMPRODUCT(((차량리스트!$B$2:$B$2=$B12)*(차량리스트!$J$2:$J$2="대상"))*(차량리스트!$M$2:$M$2<>"")*(차량리스트!$M$2:$M$2<=$K$1)) | J12: =D12-I12 | K12: =IFERROR(I12/D12,0) | L12: =IF(I12>=D12,"완료",IF($K$1<F12,"대기",IF($K$1>G12,"지연","진행중")))
A13: 2 | D13: =SUMPRODUCT(((차량리스트!$B$2:$B$2=$B13)*(차량리스트!$J$2:$J$2="대상"))) | E13: =SUMPRODUCT(((차량리스트!$B$2:$B$2=$B13)*(차량리스트!$J$2:$J$2="대상"))*(차량리스트!$H$2:$H$2="완료")) | F13: =IF(SUMPRODUCT(MIN(((차량리스트!$B$2:$B$2=$B13)*(차량리스트!$J$2:$J$2="대상")*(차량리스트!$K$2:$K$2<>""))*차량리스트!$K$2:$K$2+(1-((차량리스트!$B$2:$B$2=$B13)*(차량리스트!$J$2:$J$2="대상")*(차량리스트!$K$2:$K$2<>"")))*99999))=99999,"",SUMPRODUCT(MIN(((차량리스트!$B$2:$B$2=$B13)*(차량리스트!$J$2:$J$2="대상")*(차량리스트!$K$2:$K$2<>""))*차량리스트!$K$2:$K$2+(1-((차량리스트!$B$2:$B$2=$B13)*(차량리스트!$J$2:$J$2="대상")*(차량리스트!$K$2:$K$2<>"")))*99999))) | G13: =IF(SUMPRODUCT(MAX(((차량리스트!$B$2:$B$2=$B13)*(차량리스트!$J$2:$J$2="대상")*(차량리스트!$K$2:$K$2<>""))*차량리스트!$K$2:$K$2))=0,"",SUMPRODUCT(MAX(((차량리스트!$B$2:$B$2=$B13)*(차량리스트!$J$2:$J$2="대상")*(차량리스트!$K$2:$K$2<>""))*차량리스트!$K$2:$K$2))) | H13: =SUMPRODUCT(((차량리스트!$B$2:$B$2=$B13)*(차량리스트!$J$2:$J$2="대상"))*(차량리스트!$M$2:$M$2=$K$1)) | I13: =SUMPRODUCT(((차량리스트!$B$2:$B$2=$B13)*(차량리스트!$J$2:$J$2="대상"))*(차량리스트!$M$2:$M$2<>"")*(차량리스트!$M$2:$M$2<=$K$1)) | J13: =D13-I13 | K13: =IFERROR(I13/D13,0) | L13: =IF(I13>=D13,"완료",IF($K$1<F13,"대기",IF($K$1>G13,"지연","진행중")))
A14: 합 계 | D14: =SUM(D12:D13) | E14: =SUM(E12:E13) | F14: =MIN(F12:F13) | G14: =MAX(G12:G13) | H14: =SUM(H12:H13) | I14: =SUM(I12:I13) | J14: =SUM(J12:J13) | K14: =IFERROR(I14/D14,0)

Sheet 설치 전개일정
A1: 공항버스 B800단말기 설치 전개일정
A2: 설치 대상 382대 · 4개 운수사 전량 · 시범설치 11-05 공항리무진 10대 · 본설치 11-13 ~ 12-10 (평일 월~금 · 서울버스 11-26, 한국공항리무진 12-07 착수)
A4: 누적 계획 | G4: =G5 | I4: =G4+I5
A5: 일 계획 | G5: =SUM(G9:G10) | I5: =SUM(I9:I10)
A6: 일 자
A7: 요 일 | G7: =CHOOSE(WEEKDAY(G6),"일","월","화","수","목","금","토") | I7: =CHOOSE(WEEKDAY(I6),"일","월","화","수","목","금","토")
A8: NO | B8: 운수사 | C8: 차고지 | D8: 대상 수량 | E8: 설치 수량 | F8: 미설치 수량 | G8: 계획 | H8: 설치 | I8: 계획 | J8: 설치
A9: 1 | D9: =SUMPRODUCT(((차량리스트!$B$2:$B$2=$B9)*(차량리스트!$J$2:$J$2="대상"))) | E9: =SUMPRODUCT(((차량리스트!$B$2:$B$2=$B9)*(차량리스트!$J$2:$J$2="대상"))*(차량리스트!$L$2:$L$2="완료")) | F9: =D9-E9 | G9: =SUMPRODUCT(((차량리스트!$B$2:$B$2=$B9)*(차량리스트!$J$2:$J$2="대상"))*(차량리스트!$K$2:$K$2=G$6)) | H9: =SUMPRODUCT(((차량리스트!$B$2:$B$2=$B9)*(차량리스트!$J$2:$J$2="대상"))*(차량리스트!$M$2:$M$2=G$6)) | I9: =SUMPRODUCT(((차량리스트!$B$2:$B$2=$B9)*(차량리스트!$J$2:$J$2="대상"))*(차량리스트!$K$2:$K$2=I$6)) | J9: =SUMPRODUCT(((차량리스트!$B$2:$B$2=$B9)*(차량리스트!$J$2:$J$2="대상"))*(차량리스트!$M$2:$M$2=I$6))
A10: 2 | D10: =SUMPRODUCT(((차량리스트!$B$2:$B$2=$B10)*(차량리스트!$J$2:$J$2="대상"))) | E10: =SUMPRODUCT(((차량리스트!$B$2:$B$2=$B10)*(차량리스트!$J$2:$J$2="대상"))*(차량리스트!$L$2:$L$2="완료")) | F10: =D10-E10 | G10: =SUMPRODUCT(((차량리스트!$B$2:$B$2=$B10)*(차량리스트!$J$2:$J$2="대상"))*(차량리스트!$K$2:$K$2=G$6)) | H10: =SUMPRODUCT(((차량리스트!$B$2:$B$2=$B10)*(차량리스트!$J$2:$J$2="대상"))*(차량리스트!$M$2:$M$2=G$6)) | I10: =SUMPRODUCT(((차량리스트!$B$2:$B$2=$B10)*(차량리스트!$J$2:$J$2="대상"))*(차량리스트!$K$2:$K$2=I$6)) | J10: =SUMPRODUCT(((차량리스트!$B$2:$B$2=$B10)*(차량리스트!$J$2:$J$2="대상"))*(차량리스트!$M$2:$M$2=I$6))
A11: 합 계 | D11: =SUM(D9:D10) | E11: =SUM(E9:E10) | F11: =SUM(F9:F10) | G11: =SUM(G9:G10) | H11: =SUM(H9:H10) | I11: =SUM(I9:I10) | J11: =SUM(J9:J10)
A12: 누적 설치 | G12: =H11 | I12: =G12+J11

Sheet 설치 일자별 현황
A1: 공항버스 B800단말기 설치 일자별 계획 · 실적
A2: 설치 대상 382대 · 4개 운수사 전량 · 시범설치 11-05 공항리무진 10대 · 본설치 11-13 ~ 12-10 (평일 월~금 · 서울버스 11-26, 한국공항리무진 12-07 착수)
A4: 일자별 전개 실적
A5: NO | B5: 일자 | C5: 요일 | D5: 차고지 | E5: 운수사 | F5: 계획 | G5: 설치 | H5: 미설치 | I5: 일 달성률 | J5: 누적 계획 | K5: 누적 설치 | L5: 누적 달성률 | M5: 전체 진행률
A6: 1 | B6: ='설치 전개일정'!G$6 | C6: =CHOOSE(WEEKDAY($B6),"일","월","화","수","목","금","토") | D6: =IFERROR(INDEX(차량리스트!$D$2:$D$2,MATCH($B6,차량리스트!$K$2:$K$2,0))&IF(SUMPRODUCT((차량리스트!$K$2:$K$2=$B6)*(차량리스트!$D$2:$D$2<>INDEX(차량리스트!$D$2:$D$2,MATCH($B6,차량리스트!$K$2:$K$2,0))))>0," 외",""),"–") | E6: =IFERROR(INDEX(차량리스트!$B$2:$B$2,MATCH($B6,차량리스트!$K$2:$K$2,0))&IF(SUMPRODUCT((차량리스트!$K$2:$K$2=$B6)*(차량리스트!$B$2:$B$2<>INDEX(차량리스트!$B$2:$B$2,MATCH($B6,차량리스트!$K$2:$K$2,0))))>0," 외",""),"–") | F6: =SUMPRODUCT((차량리스트!$J$2:$J$2="대상")*(차량리스트!$K$2:$K$2=$B6)) | G6: =SUMPRODUCT((차량리스트!$M$2:$M$2=$B6)*1) | H6: =F6-G6 | I6: =IFERROR(G6/F6,0) | J6: =SUMPRODUCT((차량리스트!$J$2:$J$2="대상")*(차량리스트!$K$2:$K$2<>"")*(차량리스트!$K$2:$K$2<=$B6)) | K6: =SUMPRODUCT((차량리스트!$M$2:$M$2<>"")*(차량리스트!$M$2:$M$2<=$B6)) | L6: =IFERROR(K6/J6,0) | M6: =IFERROR(K6/SUMPRODUCT((차량리스트!$J$2:$J$2="대상")*1),0)
A7: 2 | B7: ='설치 전개일정'!I$6 | C7: =CHOOSE(WEEKDAY($B7),"일","월","화","수","목","금","토") | D7: =IFERROR(INDEX(차량리스트!$D$2:$D$2,MATCH($B7,차량리스트!$K$2:$K$2,0))&IF(SUMPRODUCT((차량리스트!$K$2:$K$2=$B7)*(차량리스트!$D$2:$D$2<>INDEX(차량리스트!$D$2:$D$2,MATCH($B7,차량리스트!$K$2:$K$2,0))))>0," 외",""),"–") | E7: =IFERROR(INDEX(차량리스트!$B$2:$B$2,MATCH($B7,차량리스트!$K$2:$K$2,0))&IF(SUMPRODUCT((차량리스트!$K$2:$K$2=$B7)*(차량리스트!$B$2:$B$2<>INDEX(차량리스트!$B$2:$B$2,MATCH($B7,차량리스트!$K$2:$K$2,0))))>0," 외",""),"–") | F7: =SUMPRODUCT((차량리스트!$J$2:$J$2="대상")*(차량리스트!$K$2:$K$2=$B7)) | G7: =SUMPRODUCT((차량리스트!$M$2:$M$2=$B7)*1) | H7: =F7-G7 | I7: =IFERROR(G7/F7,0) | J7: =SUMPRODUCT((차량리스트!$J$2:$J$2="대상")*(차량리스트!$K$2:$K$2<>"")*(차량리스트!$K$2:$K$2<=$B7)) | K7: =SUMPRODUCT((차량리스트!$M$2:$M$2<>"")*(차량리스트!$M$2:$M$2<=$B7)) | L7: =IFERROR(K7/J7,0) | M7: =IFERROR(K7/SUMPRODUCT((차량리스트!$J$2:$J$2="대상")*1),0)
A8: 합 계 | F8: =SUM(F6:F7) | G8: =SUM(G6:G7) | H8: =SUM(H6:H7) | I8: =IFERROR(G8/F8,0)

Sheet 차량리스트
A1: 번호 | B1: 운수사 | C1: 노선 | D1: 차고지 | E1: 운수사 주소 | F1: 차량번호 | G1: 실사 예정일 | H1: 실사 완료여부 | I1: 실사 완료일 | J1: 설치 대상 | K1: 설치 예정일 | L1: 설치 완료여부 | M1: 설치 완료일 | N1: 연식 | O1: 제조사 | P1: 모델명 | Q1: 차대번호 | R1: 연료 타입 | S1: 저상/일반 | T1: 돈통여부 | U1: 영수증 여부 | V1: 통합설치위치 (가능한곳) | W1: A형브라켓 설치 여부 | X1: 승차 설치 위치 | Y1: 차량 휴즈타입 | Z1: 타코 제조사 | AA1: 타코연동여부 (can) | AB1: 도어스위치 타입 | AC1: 도어종류 (앞문) | AD1: 도어종류 (뒷문) | AE1: 운전석 봉 종류 | AF1: 하차봉 굵기 | AG1: 케이블(봉) 매립여부 | AH1: 하차단말기 개수 | AI1: 빈좌석 표시기 | AJ1: 초정밀 GPS | AK1: 안내방송 | AL1: 비고
